epoch,train_loss,train_dice_loss,train_tversky_loss,train_focal_loss,train_dice,train_iou,train_precision,train_recall,train_hd95,train_asd,train_pred_fg_ratio,val_loss,val_dice_loss,val_tversky_loss,val_focal_loss,val_dice,val_iou,val_precision,val_recall,val_hd95,val_asd,val_pred_fg_ratio
1,0.6145825835309082,0.7905180165422739,0.7264644596080143,0.038947911919738704,0.40533289456568006,0.3031558536007979,0.3356539233383152,0.8405603462498205,72.98155974644578,32.1057743524158,0.10221382136263062,0.45821011331514605,0.6011017035347382,0.5299723952667837,0.028902334140393567,0.5983918045110379,0.499738985531771,0.5749549159215812,0.7053364044429706,49.76322489538168,37.03914281478161,0.015709814081337245
2,0.3279795526652723,0.4244868239461902,0.3793209285349459,0.03228222980217294,0.671723855425773,0.5762730761454674,0.663953750587202,0.7603398342668491,34.301720506017254,17.169631923831293,0.016945447879313513,0.29339032741370014,0.36744043166634394,0.3477316552529341,0.03660742899052695,0.6779162995758267,0.6048435351907181,0.7097757661776032,0.7110681652290014,48.95929419676664,38.79757791965595,0.015089199627716529
3,0.24723913380091445,0.3101333659100798,0.2911407414604636,0.03364743144563821,0.71381883424701,0.6262726489788013,0.7237101377264451,0.7735660537474532,29.772078400270544,15.624306172883234,0.015901326678470676,0.24910957814020304,0.3061801203475671,0.2990875434239301,0.03501254043706339,0.7084558450576377,0.6374924907571174,0.741044914455656,0.7334850215029947,37.92650775331531,29.22982133636582,0.01558588483006821
4,0.21635108059701555,0.26829808897358054,0.2560122976242454,0.03313461275784586,0.7409737045519994,0.6559534378441947,0.7523554393389064,0.7921650768934522,26.615712810532727,14.197382431521122,0.01593949305200304,0.22985140275413685,0.2784160174893303,0.27865399013177566,0.0351169770542092,0.7304564709999186,0.6480080887120633,0.7743910637492302,0.7526715399906874,29.488125561949264,18.300706714547715,0.016442642599192973
5,0.20247527761044298,0.2499252047940544,0.23985978129937274,0.03280639929884959,0.754490327097342,0.6730148283203715,0.7622280560656587,0.8021926181703077,25.87071481921153,14.584917238745922,0.0158639508906399,0.25030388716688756,0.3008635849934521,0.30740155841980077,0.034989135080251456,0.7058497306925837,0.639017160809483,0.7712570823074525,0.702035937038042,40.70042091487023,33.76710615206869,0.013573970891497462
6,0.19753461609015593,0.24327369465926493,0.23386022445696905,0.03340522371682624,0.7587647334533472,0.6778001198080753,0.7697778533199745,0.8052215556638321,24.991231794654375,13.463224158965131,0.01588227016790915,0.2251481670209383,0.2733245994872029,0.2700944021817538,0.038902812319354475,0.7290142264694143,0.6528745597378504,0.7687315978498129,0.7543571715559833,32.09493882190152,22.068834549846684,0.014845698012918384
7,0.18423728037726234,0.22658743433808295,0.2179988490379103,0.03201382022165206,0.7751916927947965,0.6935453082765182,0.7827623322630571,0.8196321150314283,23.97332547090649,12.990952310862241,0.015919524700264226,0.1933357046995184,0.23760734140645745,0.22893706263247712,0.03358970296491065,0.7665638195618857,0.6873020591763849,0.7772279083870008,0.8116605818923744,23.668915766144767,12.714580994614678,0.017885663182602315
8,0.1761066616783792,0.21686341080263802,0.20829503547595682,0.030216402241394564,0.7844897159250419,0.7040404850770927,0.7922136954185794,0.8290091873917662,21.133677662517794,10.857515579474367,0.016104987375461895,0.2076310524586801,0.2525112123774149,0.24977725312549248,0.03357831293538336,0.7495658332850432,0.6797370693516579,0.7852564209430201,0.7719349365167674,30.205154469170544,23.13480746012351,0.014190247821323762
9,0.1715961999273215,0.21119416298282545,0.20329129320638928,0.0290100717973349,0.7901826107713015,0.7106715603780045,0.7993091390931315,0.831530857653456,20.57455972615731,10.564909948096465,0.015988169850169362,0.1721355899732934,0.2132552811423887,0.19928448801573834,0.03559839732668645,0.7878910545208804,0.7085292995921496,0.7795098443252744,0.863797724391859,21.805191761724235,10.675291982049188,0.02078715677793861
10,0.16325273140258081,0.2015957480015171,0.19275779498590007,0.027556558195294276,0.7996843893191865,0.7206302399286475,0.8023316411741708,0.8426767417069426,20.056594581037135,10.770804079868805,0.016280405247052307,0.1714342273061733,0.21060834739835319,0.20206206264459495,0.03183030282156696,0.7901817470079965,0.7145177992362238,0.7918876084615523,0.8320803642077899,22.770018295134385,14.781520060391218,0.016134252402988183
11,0.1599412903059363,0.1970714898480899,0.1890033154116147,0.027556827032438145,0.8039144377432235,0.725439816216551,0.8090235194118744,0.8457397263578791,19.21417189292368,9.835607594488934,0.016344345684500158,0.22575774854889288,0.2714558127117278,0.27501346922587255,0.03585016174393373,0.7315007096724495,0.6652046852882059,0.7878982170121545,0.7351438790594225,37.90112967887506,32.140259148037714,0.013683377183633407
12,0.1561039012263045,0.19276201031355866,0.18435378169406957,0.0262879090025334,0.8083606853395677,0.7295731519254666,0.8120831894694404,0.8498852701067426,18.439221533672566,9.183593906642182,0.01636512402281667,0.17018522773756914,0.21025765669239824,0.20138989568816965,0.027631020380670425,0.7904357282416329,0.7154053168801443,0.79568259804803,0.8307205286934816,21.920086848819015,14.335926731003608,0.015207126055877221
13,0.14675193895927863,0.1809697251820223,0.17338274004728502,0.025054751995089206,0.8201250597516618,0.7429199223574231,0.8208247397641791,0.858245370850554,17.297349242442593,9.083899084999636,0.016472585475603943,0.18853128808189604,0.23177054263130684,0.22552210433358916,0.028071130018828026,0.7694162942339573,0.7025550011865607,0.7837675858572174,0.7979885862729931,31.828585719661362,26.049735643210713,0.014114728433831695
14,0.14314677992891905,0.17674536028423826,0.16882129926560224,0.02460056963855688,0.8242939808493621,0.7463296476631608,0.8275761221111781,0.8635640250276677,16.001635688547108,7.6609198771516605,0.016519569547329447,0.16855074737926298,0.20708370216313887,0.1997147856855332,0.029156745969864575,0.7937982127224797,0.7214716368640767,0.7941577339985075,0.8306191454485552,24.510267153609224,16.354607056098313,0.01626462984811231
15,0.1400567006604044,0.17337518155290516,0.16498008771238343,0.02357295286835768,0.8275060256168011,0.7502511012922691,0.8285804419484981,0.8675618816179594,15.420278224835938,7.113011147123533,0.01669112179435444,0.15597394069483955,0.19238236671481684,0.18386890215673773,0.027367151305647486,0.8080458702807577,0.7328389196682534,0.809524040253158,0.8470846646835922,20.272872460372557,12.282609403133392,0.015621901768718274
16,0.13952360134897532,0.17236185640523088,0.16479141850539725,0.02331144694488389,0.8284974987001293,0.7523863161469285,0.8303208291381875,0.8649215697771993,15.73544521401509,8.030929876269994,0.016393347447341364,0.1577635528933934,0.19228569896278722,0.18906237239910353,0.02612160939842775,0.8089709945592208,0.7398365562188494,0.8223790341507035,0.8319426601504885,21.554561248474617,14.592847193213094,0.01493591463505314
17,0.13506640610958795,0.16701693550012828,0.1593991815949093,0.022499786586084643,0.8337806799201636,0.7591834372914309,0.8336512204761226,0.8697300566241961,15.20639704229418,7.5534159748709016,0.01654431051459194,0.1499744207471647,0.18519675769527197,0.17398393555547867,0.03151070138497522,0.8153163497640534,0.7395044240673659,0.8124136554667855,0.8689821474001986,18.190388124001206,8.797488971618074,0.018250150728951857
18,0.1342760743996771,0.16607164826794915,0.1583161874681664,0.022604688128015242,0.8346104256152844,0.7596449154443733,0.8346139328480825,0.8718226109568585,15.176575925326697,7.5538851621620555,0.01664762503011016,0.1529569541573941,0.18647887980922812,0.1828435049729547,0.026139988910094416,0.8154333763147583,0.7412912770741533,0.8296606676039741,0.8442867253387364,19.033548298826073,10.739083561346616,0.01679353665579394
19,0.13007020544207437,0.16109537043518407,0.15303857191947004,0.022083131623874895,0.8394787403127065,0.7646401131665559,0.8372840619037566,0.8767516558513896,14.266732445395228,6.654777710209379,0.01671841397682573,0.17580147908605265,0.21363976275905722,0.21261559985341383,0.026496657627141235,0.787993811112166,0.7181069195283867,0.8202142674452915,0.8043526135449304,24.42955006288393,16.655557684595625,0.014075284076826221
20,0.13003972993248597,0.16113452416724733,0.1532708631221365,0.021387865229188473,0.8395091396995892,0.7651206223013018,0.8399596543625615,0.876809350730019,14.139390107597125,6.688728546533078,0.016707971455258167,0.14267101606739901,0.17451061704107282,0.16970619244981447,0.02492144831744398,0.8265707034666365,0.7557354755875468,0.8299636934038649,0.8559803352000698,20.706104978389547,13.739259800041653,0.016063206086909105
21,0.12498160166183223,0.15481806115997993,0.14725059325820122,0.020770689927260666,0.8458972248891651,0.772166159057814,0.8423138482484428,0.8808158447362802,14.169683866188622,7.005122631025671,0.016642289789179216,0.14750905946995282,0.1789581808989354,0.17423411048806758,0.031160700141589524,0.8221322487795715,0.7507444514497101,0.8376255851002745,0.8529565400665309,17.366363147642407,9.59227088844016,0.017145553821234533
22,0.1269772460468007,0.15685638268915003,0.15021140334716093,0.020750647345084004,0.8438931441778661,0.7714493098672575,0.8453025112989853,0.8765668668061702,14.169745190311827,7.141969560776368,0.0165296822540031,0.1889095324596918,0.22741504765223367,0.22943699935491385,0.030843550462856785,0.7747107583836412,0.7052674772896973,0.821308515705654,0.7860164047925406,29.643238131013618,20.892746306568156,0.015208694535463595
23,0.1237238502423079,0.15313811484126105,0.1458093764861551,0.020724259099748357,0.8475446296596076,0.7750407311869688,0.8466627316457268,0.8821438623340104,13.258613681194515,6.358173707593647,0.016732678470987465,0.1439123647228319,0.1768522172446778,0.16928766855290764,0.027282041368096015,0.8239155422435598,0.7517927756891701,0.827351788518001,0.8619377356487904,17.180117648643286,10.26258675706795,0.017620803135905774
24,0.1171025561402731,0.14520974350657864,0.13766408093593457,0.0197651232177442,0.8554146184901388,0.7833440062749574,0.8524395117499396,0.8900289931972145,11.793744318286704,5.195739295617816,0.016862033812467717,0.15140285845159576,0.18714033640930583,0.178436939492159,0.02585973190702853,0.8135526209624083,0.7404443597038362,0.8104746778816478,0.852499058783638,22.25275704294897,15.089724288364579,0.015937282349252457
25,0.12031473602821224,0.1491428015342009,0.14191270687621804,0.0194626542357565,0.8513036393547995,0.7799987944784733,0.8458500812522668,0.8840546394121344,13.514832250456559,7.08444636037546,0.016720198857428082,0.1457605228121505,0.17621605278121774,0.17668365705119307,0.023003183516793264,0.8253802481992504,0.754988529201105,0.8425569240161849,0.8382692380441632,20.19565361738205,13.467457464343022,0.01557624158520384
26,0.11757717744783396,0.14592983163597095,0.13842281942716275,0.019180574434452553,0.8545436525027915,0.7830504296055644,0.8503082244340022,0.8883286877412532,13.105211402418048,6.762477614137108,0.016772290209790208,0.1469865923456308,0.17937593894810658,0.17525080304588114,0.025679465649552462,0.8215306288434178,0.7507123048579442,0.8308202002177892,0.8502309949097254,19.047371498975657,11.376120558760228,0.0165678111429747
27,0.11438736323095468,0.14197204694838894,0.1344212450928074,0.019150224009111216,0.8585090510123515,0.7866862888250208,0.8541813741069882,0.8925946520228368,11.557772426717387,5.058903712885856,0.01683197700515039,0.1426203115671646,0.17545086660409367,0.16846615909166832,0.02526749607519953,0.8249508833669417,0.7516929639071133,0.8236854019476536,0.8595542111360975,19.821762288395824,11.774717229333362,0.016109970015317655
28,0.11064618921917174,0.13717103322852398,0.13048645983818793,0.017915950715912,0.8631948269851152,0.7929753331445244,0.8603784536786568,0.8935311642053944,11.71204997205992,5.704990749588995,0.016717856201637495,0.1512736261880269,0.1845008911141295,0.1804170185153336,0.026532302587352258,0.816345494472704,0.7484582907262893,0.8269570484626171,0.8415979656326799,21.195116755774784,14.887976426503569,0.01577466393485287
29,0.11123133886113928,0.13830725377238992,0.13052777916145628,0.01848661990688939,0.8622566862964107,0.7916331837242429,0.8569938032551445,0.8968004578843204,11.618346794312423,5.33830287845572,0.01685728059782015,0.1382426969858485,0.17020603518322433,0.16283736288017361,0.02512667652588158,0.8304371942153395,0.7594623076172271,0.829551437522094,0.8655064019323954,18.12154621611997,11.117186300016863,0.016410304810189957
30,0.10985597701763974,0.13633925783994277,0.12916956148769215,0.018262238148155672,0.8641285030357021,0.7938877256129737,0.859062658215912,0.8959259887163985,11.784363375222387,5.396542943021767,0.016818886263993464,0.13555445898385787,0.17017568892111773,0.1562717760684681,0.024877354249433915,0.8295064951874922,0.7556369326162335,0.8136429959643755,0.8874822047875426,15.819430795682566,8.248186016526205,0.017808614043414894
31,0.10782230755873913,0.13394084452445632,0.12673115682905164,0.01776752606358539,0.8664514814166598,0.7965000542270295,0.8616793437928348,0.8993113269266925,10.737008529715832,4.543396741954654,0.01683659441366517,0.15922783441567057,0.1925923083607093,0.19215100912763022,0.026652525318875256,0.8087494531820437,0.7404974804922503,0.8308395461018986,0.8235011461396726,22.31791164003653,16.322752119963848,0.015851790529822336
32,0.10690609365820126,0.13252768611301488,0.12594097229179782,0.017593142589286195,0.867936514229272,0.7989558094084515,0.8640610659138244,0.8974081742557554,11.299475934557755,5.4281778346820575,0.016749077061521574,0.13527501225140148,0.16702057074712828,0.15940570240553936,0.023522505811220354,0.8336823703801503,0.764110869562772,0.8317376293668789,0.8688585283000596,17.20036832799161,11.064960248716327,0.016851415488925683
33,0.10563932035728366,0.13118370585676598,0.12425204742883461,0.017325087551646443,0.8691673417288055,0.799816033701653,0.8641784031527882,0.8994388567974554,10.655633757429674,5.076348004064559,0.016869643806122856,0.13533154717176737,0.16571247691272023,0.16180308975440272,0.02162659240636875,0.8353637196963694,0.7661066674090413,0.8492438470910709,0.8595782993275318,15.881123778027327,9.182710843132384,0.01611302951870836
34,0.10556621055617715,0.13131824583999682,0.12425633350502706,0.016681885896087736,0.8690162804507419,0.8002126625629481,0.8623422030871268,0.899463591918716,11.137012882325124,5.1705431069347485,0.016824483416751926,0.14474680538619414,0.17655136367114405,0.1711619261562294,0.02830743785708518,0.8242053840706457,0.756529814212305,0.8333417095519977,0.8541803076739538,20.013572909505235,13.121986408665927,0.016688312975888325
35,0.10390583925091311,0.12912020687079012,0.12217796172928924,0.016932848920610352,0.8713991035853629,0.8032748810230355,0.8655667818383267,0.9014181004320705,10.616171054565747,5.10783504215599,0.01683505689423325,0.14658833693670348,0.1783175208668545,0.17681270875652075,0.02268121328978211,0.8232086098797149,0.7556529328441236,0.8437034702776678,0.8388729089878685,18.138100671586653,11.689585694943927,0.014930531458201142
36,0.10139628350260906,0.12613552905417777,0.11919322470602815,0.016323900871816874,0.8741830375415037,0.8059839891460634,0.8693382613407066,0.903939300232092,10.524864950891672,4.712428902233824,0.016798253432247796,0.1389225638688103,0.17086940678132384,0.16228566774116235,0.028302660153491192,0.829213545262608,0.7582868305080285,0.8252411641159575,0.8677490998645294,19.091305574941153,12.486122477624736,0.01723892676648755
37,0.10123623336749729,0.12583220065682416,0.1190910190959803,0.01633471988699738,0.8744882035204363,0.8069935323859998,0.869499340164219,0.904460412050561,10.465377226879244,5.031822514426003,0.01683130767492451,0.14115708694335313,0.1708979259755136,0.16863559070960388,0.02671838942779112,0.8300112947705272,0.7594484139803798,0.8439986930303953,0.8503836435783624,19.936742682293588,12.234486005112982,0.01604012426386025
38,0.09934810150432473,0.12358096585933279,0.116710653687888,0.016157260748064693,0.8767859486806293,0.8098190754444392,0.8698409896472856,0.906220018460927,10.792039848139387,5.276851658599814,0.016954556590648342,0.14612401757280435,0.18176409106090988,0.1715199932209873,0.02405190380204947,0.8187313118374573,0.7469685354318945,0.8119578834606038,0.8658943175194683,19.47863024563959,12.718853901674603,0.016809705550295446
39,0.09803055635577923,0.1220649535402016,0.11504696567790118,0.01592893540890316,0.8783416985929758,0.810657548077548,0.8709892132354543,0.9079588685263608,9.781196257545929,4.184298788396865,0.01690098107126361,0.1474417222585657,0.179103001327345,0.17556262152622132,0.027877355504454394,0.8219159822673138,0.7554903621004382,0.8358444956446248,0.8453747669384103,20.295496175434383,14.154522477148035,0.016098913202430995
40,0.09662589447747542,0.12025169998359983,0.11351484456388294,0.015596375942181363,0.8800729517562388,0.8138400824434331,0.8714834772356777,0.9082146190663242,10.576453093692745,5.379757865442784,0.016866263203460248,0.13721308546209426,0.17094154317012433,0.16136459981622658,0.021453128356499575,0.829231484198485,0.7588779611275143,0.8303833693247812,0.8686891329920928,17.159682798204084,11.508783702289469,0.016075250461016814
41,0.09477193978554399,0.11778387795950157,0.11134190538539795,0.015608124229324085,0.8825743432042756,0.8157361461840892,0.8760857046905896,0.910472979796477,9.13111433498585,3.9011475859092664,0.01691704499668478,0.13187330074163373,0.1603661515055345,0.15871447582256992,0.02120523704047252,0.8408836626158965,0.7716238450865113,0.8562132019510466,0.8604482514923482,14.86659234255401,8.821625759758925,0.015714964890843116
42,0.09264958520998826,0.11529115565440992,0.10864810647949316,0.015369394154247897,0.885037146031881,0.8185535435206249,0.8770048587659852,0.9126511595606204,9.255055547669976,4.25605946150712,0.016899962525267702,0.14930650388308372,0.17922949601613278,0.18154129329145788,0.024990927951210423,0.8222170654137583,0.7574487597235502,0.8527641810590498,0.828315277377199,19.91339787795459,14.311666995650961,0.015146129627518242
43,0.09495938994014111,0.11811665097556547,0.11151676166607201,0.015530115369979784,0.8822557951927233,0.8161006101833979,0.8742004697638999,0.9102472105256252,10.21811967351144,5.188172260615489,0.01686799958187232,0.14341007778953566,0.1743059509742669,0.17193298403462431,0.024572511157730955,0.8265383295146271,0.7586994386213589,0.8420364291964925,0.8466968839285205,19.21302516781134,12.983169449143452,0.015357099813858265
44,0.09205503138892696,0.11476367797305739,0.10804285303776898,0.014662087683540744,0.8855890427923838,0.8199631970552124,0.8788437489828518,0.913431789485909,7.962624763881637,3.135248646098654,0.01694320222790349,0.13008243852121024,0.15983050751110497,0.15383868538591125,0.023073798829507382,0.8407007433341366,0.7715955568385872,0.8483101063845417,0.8711023033716019,14.011172331680502,8.077952463118368,0.016101391787456378
45,0.09172403535351085,0.11424473084402767,0.10769041691372239,0.014749873942800683,0.8859310084752249,0.8206137099103628,0.8786188093960234,0.9124897859078206,9.21936321178971,4.192870673467153,0.016868314846109147,0.13645086420186367,0.16586451684959053,0.16400706919508937,0.022511138770376655,0.8350453223625837,0.7674308548666061,0.8507740598917719,0.855292859252831,17.560851519936836,11.568323318695242,0.015516639360921637
46,0.09091387072693563,0.11327162037214149,0.10664277829123225,0.014740548630145827,0.8870397665531408,0.821366935288523,0.8798563674978347,0.9147567894965092,8.975231101917599,3.7092848952293624,0.01686086005946291,0.14483753736621996,0.17354010907031378,0.17688964812849498,0.023328161038241788,0.8280214408291923,0.7607640011810811,0.8589367230094114,0.830080325865745,18.66858254985761,12.60852102836509,0.014339679388830505
47,0.0887442834325881,0.11054814866313116,0.10406278635246385,0.014499538521606636,0.889654240271077,0.8245465842497524,0.8825723403306271,0.9172569302068797,8.641141931948507,3.373785036962387,0.016977357470299586,0.1362284378916631,0.16654974706896986,0.16214872489587476,0.02374523449624064,0.8340153357636638,0.7646476677885315,0.8481341344578389,0.8593198782583362,16.66373199073191,9.777767692394743,0.015464724623007218
48,0.09024326553855488,0.11251532078168351,0.10583600251208428,0.014513674541450564,0.8877520462634599,0.8228800666248769,0.8796554744515775,0.9145685663362454,8.732708249020865,3.9501008492955454,0.016898444406711895,0.13319137607247886,0.16301359169970928,0.15845905439371985,0.02301157763602953,0.8378295930579472,0.7689377003658531,0.8448909250027556,0.8651582240315361,15.879263963191038,9.891807959103001,0.016128094668315753
49,0.08634993599487886,0.10777021889087696,0.1012076912699519,0.01379385174930226,0.8924585133411491,0.82753617443267,0.8838706757410748,0.9190851042297289,8.066890233235986,3.2330552872722684,0.016963995116877087,0.14441808651578927,0.17396117498792868,0.1749445256768824,0.02427901456391692,0.8273927294618895,0.7612223587305166,0.8512379530855173,0.836514535992955,19.95676415402272,14.682767410275673,0.015145277613915768
50,0.08726457285388285,0.10869805441372725,0.1024661123657833,0.013994524425705554,0.8914943717607242,0.8272050882991187,0.8832886503174305,0.9169500726960863,8.499817977210025,3.907945909202857,0.016919858123721095,0.12751541990109896,0.15520907069403758,0.15271417590229758,0.021730593618081252,0.8457131108030718,0.7767664361799462,0.8599106044663696,0.8666430683201476,14.096979453478973,7.452090329315683,0.015750962465547667
51,0.08751101458003961,0.10909988675473795,0.10276579256088063,0.013823707031444402,0.8911721386558511,0.827157054055761,0.8847348752832344,0.9170421616333863,8.390912400713713,3.482669193048956,0.01692077481511741,0.13508276128963942,0.16605472594991874,0.16081585461484432,0.02167263325733361,0.834669541070932,0.766839448302233,0.8390941183336723,0.8605855844562673,18.675585542536023,12.826378642444306,0.01550215512967957
52,0.08367757571236317,0.10458428819911089,0.09795863321361936,0.013302028692062404,0.8956407396192281,0.8323030930458089,0.8853100388811767,0.9224644926920833,7.723292359863204,3.4293602074402307,0.0169512390408331,0.14037296558899529,0.16891309933256468,0.17017835908802523,0.023681896080303196,0.8321485298337774,0.7672944432519774,0.8589727496047398,0.8413799291282259,16.81755020987564,10.84088078367661,0.015062825933930837
53,0.08354750264122111,0.10427336169729551,0.09790137403530612,0.013388035138839462,0.8959857389401248,0.8326545567484481,0.8873656340177399,0.9215838973279876,7.974741877716814,3.297436557434267,0.0169260664040771,0.13581393422674876,0.1653700218721751,0.162711999013433,0.022905618633531754,0.8354865762232018,0.7684801503966797,0.8538804835717116,0.8554706838627075,14.131107645591504,8.707987582311034,0.015222810851740959
54,0.08421123960960082,0.1051548101754181,0.09866612565915421,0.013414319167143128,0.8950368076803358,0.8319644386704707,0.8855515885469855,0.9205634447767486,7.80211172686287,3.1913742946066526,0.01702338119865752,0.12415142186942216,0.15405711096154084,0.1461856731768636,0.020271528494192864,0.8463174363282395,0.7760348622987199,0.8487365844379031,0.8806766996961017,13.15897231431782,7.042677987574926,0.01586174359781488
55,0.08165875227147616,0.10200145454967723,0.09564380073395745,0.01300324436672482,0.8982166469466879,0.8348955815901397,0.8887724060208332,0.9236314137101382,7.733622276604896,3.1812394995204465,0.016921046427382985,0.13147614790502998,0.15965018096691166,0.15805628119460208,0.021967805129016738,0.8409373251900351,0.7759648885436662,0.8509147688117493,0.8564463220826838,18.63344023516638,13.456476435585298,0.015249804191782994
56,0.0807624648918882,0.10097297052889825,0.09449801803203758,0.012870340451334613,0.8991899003665411,0.8360884989713162,0.8901678553367399,0.9250268875642925,7.386182794583048,2.8648545308096613,0.016996860201011703,0.13152442605553014,0.16077920169660673,0.15684764092880404,0.02236843144011079,0.839497131542181,0.7738781993020599,0.8439386370800172,0.862271438038964,17.872395764903974,11.616277206055631,0.015516619996976126
57,0.0809137302564845,0.10103240911456474,0.09476851685437565,0.012966792844606057,0.8990502250089736,0.8364678861726286,0.8897405293596242,0.9242415702789708,7.6585540751969825,3.3030581840746773,0.016939942880716586,0.13559766745684712,0.16824788779133915,0.15895389874372276,0.02358475176935833,0.8318889947833105,0.7629492697395466,0.8315632365661838,0.872255603260265,16.396453814911965,9.835718715582326,0.016484429993605252
58,0.07774029649403212,0.09733294718595302,0.09068628924829213,0.012663004449117094,0.9027881234406931,0.8408631939174182,0.8923050191909174,0.9286620622831742,7.071286459485967,2.74245179678063,0.01703083598530376,0.12791132071118191,0.15792198072091748,0.15073191339512187,0.022248804607112645,0.8424733249220067,0.7730582903229696,0.8405180331809846,0.8781967278274315,14.299633115983857,6.999870546909078,0.0168024440707289
59,0.07936894365176203,0.0989808964615596,0.09305309159577556,0.012776735525789992,0.9012370333397878,0.8388692424441233,0.8926400117181783,0.9253630315547332,6.969873709051153,2.4884472051795243,0.016947436469115045,0.13249703276111938,0.1623997551967713,0.15751295471433763,0.022659734060119226,0.8379505992114347,0.77203288609912,0.8447112625046321,0.8632007089322632,16.643655028893864,10.993353552033717,0.015555638347180361
60,0.07971715449291875,0.09975381206442707,0.09317333804404981,0.012731466229874729,0.9002895099808468,0.8381445750131583,0.8900113079165669,0.9263077883188892,7.161327848427628,2.6501427350124107,0.01700871898653548,0.12478168950128586,0.1542018901135446,0.1466207628480361,0.02226313013995239,0.8459448527721054,0.7771622073378606,0.8457463944816541,0.8797924059633484,13.488692928237963,8.193612295982952,0.015862653703253887
61,0.07770752165472469,0.0973220489172943,0.09068250767945864,0.01252848846476602,0.9028642510083985,0.840844932301864,0.8926799769768422,0.9289368269530337,6.618742009332357,2.3902038703640023,0.017037956106837056,0.12611822916722584,0.15428291759163784,0.14875235846869675,0.02452058480192198,0.8461048605993536,0.7781222596559504,0.8508510292460153,0.8742443482340433,14.695090734262758,8.728227281290565,0.016387765177615404
62,0.07738017399272687,0.09675774850981793,0.09038083685979555,0.012623692335840759,0.9035263613263751,0.8415863835015452,0.8943500983660573,0.9282309381962509,7.120469033907571,2.6639695111295065,0.016980456760258562,0.12831542683052896,0.15586588850772667,0.15247579791797314,0.024893750046975107,0.8449228650585897,0.7753344232952948,0.858303764834887,0.8675763735845257,13.701200539388028,7.580045856800176,0.016310425579245322
63,0.07506358526848458,0.09383902490991856,0.08778448464950052,0.01207090162199038,0.9063626656437764,0.8444701222866097,0.897291837171131,0.9300624192008788,6.466363444952774,2.0231980963717278,0.01702553954612504,0.12124289094152112,0.15092948779672044,0.14139821886864823,0.02155903374360285,0.84890661865313,0.7776824390543856,0.8411503399655301,0.8890003187738786,13.05223052710446,7.002206674630418,0.01654718854100571
64,0.07530357385844892,0.09394393003233287,0.0882541687575736,0.012121664692125089,0.9062515343172858,0.8450370751409868,0.8983987080149802,0.9293077154982442,6.348890065351111,2.2849525808968307,0.016946927196117092,0.1287419810805948,0.16012312852442642,0.14960373394674084,0.02425617236777752,0.8398563176908429,0.7681684362667167,0.8335679830071854,0.885432466231755,14.91702925629422,7.365490246861984,0.01712626733150579
65,0.07630927265104978,0.09542602550812859,0.08916369208470816,0.012366922136872936,0.9046393978184298,0.843411115738609,0.8952300709841713,0.9292288684860247,6.6585143236165125,2.319042473339913,0.01699764108627523,0.13009447280170805,0.15674891465803872,0.1570733911351903,0.022827743172167483,0.8442423029301945,0.7767432353382195,0.8681495750604663,0.8557180857649657,15.026368954611309,9.476057430100509,0.015159297110465578
66,0.07347590007207731,0.09175857479886902,0.08605790949398459,0.011746525945103415,0.9083257687205327,0.8476475453129992,0.8994248000663534,0.9308922294023909,6.601271659173711,2.4948307288619964,0.01695713205695228,0.12654525732675986,0.15485264900527432,0.15026663060109527,0.02248771397841874,0.8457355313000543,0.7755166292584199,0.8566078585610852,0.8707457821892554,12.190431865490028,6.273159748907697,0.016082724943983977
67,0.0744437199393924,0.09320306063456452,0.0868079965179031,0.012196478870621807,0.9069248628100552,0.8462769062396758,0.8965718148325543,0.9316584958008426,6.531770285117118,2.382479300240537,0.016989769180792574,0.1212294280784633,0.1509815079587236,0.1405245972255285,0.023134923368169344,0.8492028818890687,0.7784135220686796,0.8435828779309318,0.8951735441220876,12.601567161037837,5.137209446599641,0.01718360397416323
68,0.0724964430309915,0.09075951310902218,0.08457944158150775,0.011804299863663891,0.9093607282213203,0.8486693648399916,0.89905571580306,0.9326971933724674,6.254579540088687,2.307721535694766,0.01701588761025906,0.12218283883176431,0.15349023792007524,0.13898926291714175,0.025955186349433272,0.8460678515508826,0.7730136664499552,0.8273544343882189,0.9035998088565166,15.31656426554404,6.427933660662038,0.017580700404752934
69,0.07285826749009908,0.09126877020955654,0.0848798492944108,0.011994092688164325,0.9087917143340177,0.8483203757913065,0.8988790877435012,0.9332275323475885,5.96392206443167,1.8712274715640669,0.017038989203490045,0.13319131173193455,0.1611824402966675,0.16041608505055138,0.022759497429574383,0.8396208940447428,0.7748039450530698,0.8546109955036151,0.8524034087460362,17.558266619286563,12.479358284091246,0.015197192351830187
70,0.07245661834216365,0.09055665756067904,0.0848017512899135,0.011566268574092566,0.9095705413713524,0.8496182889015237,0.9007997878059514,0.9320618631536647,5.919639792286206,2.0869722583207424,0.016985277877972525,0.1311055601372122,0.15977600894707433,0.1560830142173864,0.02380974355344264,0.8406641630889209,0.7718760595979459,0.8548619761341799,0.8630226128723073,13.889585938096651,7.749824025899852,0.015553450221337643
71,0.06985692317539823,0.08747643560218508,0.08139907534816117,0.011533587696904313,0.9126085827954358,0.8528786541180566,0.9012678849533154,0.9356147104092171,5.986664460179765,2.1775344250639646,0.017005542093072055,0.13023421476006963,0.16038686552071965,0.1525633002630183,0.025270728577665626,0.8398838797383538,0.7705498513399548,0.8436274406673429,0.8762383826796236,14.827964514040099,8.219015684664287,0.01680093368297906
72,0.07099052593526571,0.08892397893820733,0.08283973024456225,0.011425205315974065,0.9111616219185386,0.8514262101207818,0.9013226033285193,0.9342450709039357,6.189361129683139,2.2432677655493234,0.016997578033427864,0.12925179990474725,0.1577557491983513,0.15347401644404993,0.023799457932405857,0.8426326349161942,0.7760249863305345,0.8526735447044265,0.8652660868416027,16.208703519426628,9.829460045020214,0.015369337827421082
73,0.06881352456579716,0.08634026476991953,0.08016777669682222,0.011051534200997783,0.9137023693027441,0.8544773235543681,0.9019555020510449,0.936917515454741,6.250581594159174,2.2859960649321205,0.017042864528493525,0.13287684130405455,0.16224004224113164,0.15812871000212364,0.023646689329256114,0.8382847109714746,0.7712284302491632,0.8454373794304348,0.8623967684195347,16.59889455525403,10.952044880641672,0.015697130697027682
74,0.06973744198348261,0.0873727045491314,0.08133429504919128,0.011273204947752205,0.9127662669465658,0.8535980523476844,0.9018490498637881,0.93538762809598,5.855588393725185,2.20389296607874,0.016995836804796764,0.13312943502929264,0.16201865294382564,0.1596145690472032,0.022380719723161004,0.8385484711425223,0.7724659839288672,0.8492794630160054,0.8572203531999343,17.756571647025606,12.090978912862614,0.015150486515258169
75,0.06766362706516145,0.0848857325855613,0.07875442493511497,0.011037814537054358,0.9151134366302199,0.8561387493477206,0.9031999338357949,0.93791876697647,5.662987461987378,1.969079643215579,0.016993290439806998,0.12245586998476689,0.15105472298710593,0.1444896654979701,0.02119056065833099,0.8493494618197047,0.780426408832651,0.8538506173501307,0.8814402288487392,11.858762466514172,5.993925857277313,0.01624174166451856
76,0.06883650461362825,0.08640625198239932,0.08013644794591471,0.011097117521857845,0.9136589009571717,0.8552270593885154,0.9025626058129492,0.9367922297813909,5.899421101153011,2.2871312081591193,0.01700226334500904,0.13364037074470536,0.16271808618511602,0.15758832156885383,0.02758902631001251,0.8376786154675676,0.7694640321653099,0.8490676168109407,0.8654441615754553,16.462431310548396,10.061204974071552,0.016616395282261262
77,0.0682344280443908,0.08556531633595404,0.07944084908132144,0.011159803485349768,0.9145428358447842,0.8560903426827895,0.9032377104594708,0.9375779142230237,5.5487555908080655,1.9548886737526316,0.016990234801819274,0.12964728483137364,0.15961545857268336,0.15270258995599031,0.023600319918603643,0.8405323688585655,0.7726603764987054,0.8443477869817236,0.8727481644732713,15.324884908302181,8.679670861132708,0.016513901918672667
78,0.0668510401263146,0.08398365993378462,0.07774099100185691,0.010805892377028713,0.9160853896941137,0.8576982557473573,0.9052364440941055,0.9390080120812484,5.2544214052147575,1.684429868663799,0.01701279802073814,0.13588864027062167,0.16556141609763858,0.16208515256605427,0.024150052791274374,0.835185761120546,0.7687173702274975,0.8452043868559457,0.8582343384933037,17.25301239529842,10.963623206287169,0.016426977167274745
79,0.0669888665790067,0.0840380886969392,0.07797017235824148,0.010927805191554448,0.9160746616252097,0.8572302071630723,0.9045272024716258,0.9389007246229488,5.303622061290789,1.6940931375437456,0.01703446879935583,0.12941316384561785,0.1597526529389688,0.15173645190695795,0.024087598547043593,0.8404015225481948,0.7715311030729728,0.8372071019483168,0.874181623166152,16.160758503537796,10.104507593045644,0.016211088538774985
80,0.06819848126312791,0.08528620815807761,0.07972533989028445,0.010969304485470116,0.9148292108428252,0.8564574327030848,0.9062167526338826,0.9358567079883884,5.498172720904875,1.7927705350095726,0.016928792227170912,0.13002534473156308,0.15868258756482465,0.15453725969927737,0.023687019831177884,0.8417854100273104,0.7747333595350602,0.855807078363198,0.8646351111836921,15.674181812305742,9.591051717700086,0.015822957614956775
81,0.06521990416491544,0.08192447787817028,0.07584105548115716,0.010568448924126374,0.9181224129578099,0.8601861103531333,0.9061477094680769,0.9405450000459898,5.17488015921951,1.6978266856337685,0.01701750273319543,0.13038127033425712,0.1608678575846564,0.15329061764774055,0.023589387191980227,0.8395914654349986,0.7717804200994179,0.845719801649298,0.8731411805130928,14.659419704096269,8.653988862991673,0.016312497521414976
82,0.0663409738565998,0.08319545986163408,0.07727994460180189,0.010754055480046319,0.9169479907510099,0.8586951205327922,0.906771000307069,0.9393922703584926,5.3370705570525905,1.646585016898593,0.01700825821572781,0.12295082496453119,0.14965036712122992,0.14575362826544871,0.023946127358302143,0.8506733482714459,0.7834543607137333,0.8600923844348917,0.8734023552840317,14.0453290010845,7.786498276786264,0.016030384199268322
83,0.06347660561090718,0.07964884073063376,0.07389539554122901,0.01029454941490431,0.9204763537418843,0.8627328201000122,0.909107703979366,0.9419711436133815,4.8018808713004,1.2519657068198473,0.017025971215618545,0.12304669771736353,0.14943044135652322,0.14427728081900706,0.027818034855078486,0.8509623275609541,0.7826806687788318,0.8617560314198254,0.8793570349839973,12.482107462314179,5.673315897224669,0.01690371750575032
84,0.06489426826492592,0.08140179657974,0.07554084377182686,0.01058605484196558,0.9186902068858533,0.8612336938438304,0.9083403914313934,0.9406965986395623,5.2936977272342896,1.6356418266328785,0.016953489542462154,0.12764749637174183,0.1567792063898477,0.15013750823359023,0.024404041711246924,0.8434643716062201,0.7746120777230414,0.8465469714113301,0.8746060745009404,13.743038092772974,7.752654085087065,0.016324115888721447
85,0.06452002266632165,0.08103795680787491,0.074981044301547,0.01056210611752917,0.9189700986447004,0.8618912058698377,0.9071459141724458,0.9413976665682596,5.217801790099498,1.7064108892100598,0.01700539658650121,0.1306537666856258,0.1595770993862855,0.15477295441427558,0.024568715043131645,0.8409794626384515,0.7730647348861036,0.8519334684161918,0.865827751543891,15.499506625729769,9.601048534499661,0.015577926248463277
86,0.06427315801251768,0.08063247651098643,0.07471439779657628,0.010672035681036418,0.9194682763949822,0.86214794608121,0.9081741429871661,0.9413451146676893,5.113151800799203,1.6717879714412307,0.017025267933859466,0.1275620915899775,0.15431080158359667,0.1531411805480075,0.02290648423470178,0.8464866591943297,0.77878466684691,0.8630598988015057,0.861233578556168,14.832103732878787,8.884402244503086,0.015169850460768956
87,0.06471045240878301,0.08121974191529194,0.07522668480304542,0.010659403023672763,0.918863649555763,0.8616719778551325,0.9070913895844371,0.9414545223184098,5.210575476857181,1.7574097358947887,0.017072887384277653,0.12299645688796589,0.15051727169199244,0.14533194585252443,0.02328384107155098,0.8496811357547205,0.7816268013155467,0.8544068664673732,0.8765487734510549,14.332668412533508,7.300159742497853,0.01603110066525222
88,0.0634887336369823,0.07958082390892866,0.0739072703974046,0.010467475157013439,0.9204047900939587,0.8638538310356333,0.9096429692728226,0.9412967233548588,5.068998663310253,1.6535864034365657,0.01698664078951943,0.12231204609281301,0.15071888534965175,0.14208091524686414,0.02596061766115662,0.8493991345164155,0.7800295187139694,0.8491589179820977,0.8868925435614696,13.669007188928914,5.932586231495864,0.017102217311181393
89,0.06222753939714833,0.07813326362964648,0.07227611975753251,0.010318925614366588,0.9218402407470329,0.8654459023468253,0.9105118574244544,0.94340535923766,4.835354918527588,1.4424455055714753,0.016978768884036773,0.13806491387768954,0.16719845774213118,0.16527693592759826,0.025373772924808545,0.833478146029629,0.7662122186997294,0.8472033136619121,0.8502777763874966,17.449313021099506,11.87037007290832,0.01570148758476761
90,0.06393766553986623,0.08018477330715744,0.07451268667636501,0.01029340250403524,0.9198296985571884,0.8635198647896458,0.9089694549572729,0.9409551932491942,5.318530501526628,1.8489315318629307,0.016987746639457842,0.13230127765261007,0.16197119901262064,0.155832145083814,0.025899689052587677,0.8381423318881777,0.771283803335702,0.842638835056654,0.86840804210935,17.970113566079114,10.462812196657175,0.0165132435445253
91,0.06300871716560544,0.07911768437189973,0.0733475867060675,0.010113038643617154,0.9209270034671493,0.8644877379924967,0.9096891214685489,0.942199787873135,5.115150331844589,1.8032107901630967,0.016991243647377127,0.13375855114647062,0.16252047255199775,0.15840079952528394,0.026950199106409955,0.8378675238785838,0.7717005879675809,0.8488639392576252,0.8604016018013828,16.992142570200304,11.578644854418442,0.01619672049120598
92,0.06066517939936186,0.07622229965767914,0.07048444764981777,0.009912397302479878,0.9238778422160121,0.8676969043183508,0.9123781002924191,0.9449084448374263,4.689993847471775,1.346810264349486,0.017036239129301096,0.12128593141196492,0.14954042131746284,0.1417867540555806,0.023775299844329672,0.8507538906158679,0.7803869381596924,0.8559587503295593,0.8858477894861105,12.072377582302856,5.747534406087763,0.01664784232977078
93,0.0607154073433533,0.0765388868192421,0.07027272467393375,0.009953808809729776,0.9233719721310231,0.8672108849626765,0.910506393870317,0.9458607903788776,4.791975418170849,1.4802702926738733,0.017069894799137297,0.1236603527153538,0.15164241645357357,0.14636024662318345,0.02229642527493893,0.8485256852919241,0.7806019392515384,0.8553449073993723,0.8748434492492758,14.190043231860031,8.175209077065668,0.015799159325924017
94,0.06228010487847847,0.07837397045854165,0.07238397776417209,0.0098846227075721,0.9216233496998758,0.8659078872195206,0.9110912475256444,0.9433503913327725,4.686853166150955,1.3474402777502492,0.017067445438528093,0.13208232823110824,0.16069851988001124,0.1574279880281325,0.024158612530314028,0.839929316025621,0.7736443822571188,0.8491673955215336,0.8610287669006826,18.210905507660758,12.644943731931525,0.015836299373413704
95,0.06111053627854974,0.07683219327835665,0.07102898147034152,0.009830327500183497,0.9232032480118448,0.8673762746523817,0.9122094590640081,0.9442644858297039,4.787716726304161,1.4567235425607232,0.01706597097194354,0.13059840462581176,0.15966303663605202,0.15452441183099905,0.024617116429530597,0.8408426977157866,0.7701942430627566,0.852221854443509,0.8686822443620342,12.788512321595613,6.031325258286245,0.016230607395849857
96,0.062172515257387546,0.07816358795226663,0.0723329824370307,0.009869430329101323,0.9217834923006899,0.8664069945132593,0.9103657777653263,0.9432099886842493,5.346733522543995,1.9747947028376878,0.017067270830643078,0.12324356407002846,0.15129791334593312,0.14510873069908597,0.0234045203827828,0.8490157165575652,0.7799785022972121,0.8540570443612666,0.8780935374331826,13.424959478644551,6.9002650055542665,0.016416133357788704
97,0.06084449471926556,0.07640584572699567,0.07081591645181654,0.00977894416395782,0.9236481805262688,0.8681213119695746,0.9126553972374317,0.9443602185581146,4.606360749442791,1.3742205906950662,0.01701988419073824,0.12655906434368527,0.15341229087364264,0.14977395367895027,0.026422821793567954,0.8469477342159787,0.7792765997507681,0.856257139379927,0.8699945754285303,17.275645446505038,10.26727744107735,0.016264513664439244
98,0.06014115812289506,0.07569135349770988,0.06985323904807693,0.009616599727343526,0.9242962086034843,0.8694120356625104,0.911795559988928,0.9456332011401329,4.854810734880402,1.7112602845097207,0.01708133161560563,0.13078980329369574,0.157997226472731,0.15785164163557971,0.022251265894312748,0.84278073110253,0.7761909853670345,0.8701246086140396,0.854598120519748,14.943712214528002,9.236463413663625,0.015156237607074872
99,0.05907087629403333,0.0743496166124632,0.06847274422835091,0.009709655335069366,0.9256046220127456,0.8705098342422475,0.9130734839176905,0.9466857286025395,4.397317383691754,1.4161397947433054,0.0170417053261458,0.13578057101675636,0.1659222793548807,0.1601808158990843,0.026696654370651027,0.8344379434779907,0.7665770497630584,0.8431603803260582,0.8639075915822626,17.120923547575316,10.239848570510517,0.016473721731737785
100,0.059247630610706696,0.07439765327496066,0.06892649261295701,0.009589856859172187,0.925667075651036,0.8715309161243815,0.914163878913817,0.9456367721901772,4.454690267989686,1.493270465127238,0.0170169983104165,0.1266386297352735,0.1555757984575807,0.1496189864496718,0.02280356866849546,0.8446640280392185,0.7771075753073854,0.8533588188068532,0.8721535314975548,13.202354072314229,7.03120651446888,0.015992101678993495
